SampleID,Tissue,SampleGroup,SubjectID,Organism,Race,SampleName,Gender,FullPathToFqR1,FullPathToFqR2
SRR1551074,Whole.Blood,whole_blood,53,Homo sapiens,White,53_Tempus,female,/project/BICF/s166458/pipeline_devel/SRR1551074_1.fastq.gz,/project/BICF/s166458/pipeline_devel/SRR1551074_2.fastq.gz
SRR1551073,Whole.Blood,NK,53,Homo sapiens,White,53_NK,female,/project/BICF/s166458/pipeline_devel/SRR1551073_1.fastq.gz,/project/BICF/s166458/pipeline_devel/SRR1551073_2.fastq.gz
SRR1551072,Whole.Blood,CD8,53,Homo sapiens,White,53_CD8T,female,/project/BICF/s166458/pipeline_devel/SRR1551072_1.fastq.gz,/project/BICF/s166458/pipeline_devel/SRR1551072_2.fastq.gz
SRR1551071,Whole.Blood,CD4,53,Homo sapiens,White,53_CD4T,female,/project/BICF/s166458/pipeline_devel/SRR1551071_1.fastq.gz,/project/BICF/s166458/pipeline_devel/SRR1551071_2.fastq.gz
SRR1551070,Whole.Blood,B-Cells,53,Homo sapiens,White,53_Bcells,female,/project/BICF/s166458/pipeline_devel/SRR1551070_1.fastq.gz,/project/BICF/s166458/pipeline_devel/SRR1551070_2.fastq.gz
SRR1551069,Whole.Blood,monocytes,53,Homo sapiens,White,53_Monocytes,female,/project/BICF/s166458/pipeline_devel/SRR1551069_1.fastq.gz,/project/BICF/s166458/pipeline_devel/SRR1551069_2.fastq.gz
SRR1551068,Whole.Blood,neutrophils,53,Homo sapiens,White,53_Neutrophils,female,/project/BICF/s166458/pipeline_devel/SRR1551068_1.fastq.gz,/project/BICF/s166458/pipeline_devel/SRR1551068_2.fastq.gz
SRR1551060,Whole.Blood,whole_blood,21,Homo sapiens,White,21_Tempus,female,/project/BICF/s166458/pipeline_devel/SRR1551060_1.fastq.gz,/project/BICF/s166458/pipeline_devel/SRR1551060_2.fastq.gz
SRR1551059,Whole.Blood,NK,21,Homo sapiens,White,21_NK,female,/project/BICF/s166458/pipeline_devel/SRR1551059_1.fastq.gz,/project/BICF/s166458/pipeline_devel/SRR1551059_2.fastq.gz
SRR1551058,Whole.Blood,CD8,21,Homo sapiens,White,21_CD8T,female,/project/BICF/s166458/pipeline_devel/SRR1551058_1.fastq.gz,/project/BICF/s166458/pipeline_devel/SRR1551058_2.fastq.gz
SRR1551057,Whole.Blood,CD4,21,Homo sapiens,White,21_CD4T,female,/project/BICF/s166458/pipeline_devel/SRR1551057_1.fastq.gz,/project/BICF/s166458/pipeline_devel/SRR1551057_2.fastq.gz
SRR1551056,Whole.Blood,B-Cells,21,Homo sapiens,White,21_Bcells,female,/project/BICF/s166458/pipeline_devel/SRR1551056_1.fastq.gz,/project/BICF/s166458/pipeline_devel/SRR1551056_2.fastq.gz
SRR1551055,Whole.Blood,monocytes,21,Homo sapiens,White,21_Monocytes,female,/project/BICF/s166458/pipeline_devel/SRR1551055_1.fastq.gz,/project/BICF/s166458/pipeline_devel/SRR1551055_2.fastq.gz
SRR1551054,Whole.Blood,neutrophils,21,Homo sapiens,White,21_Neutrophils,female,/project/BICF/s166458/pipeline_devel/SRR1551054_1.fastq.gz,/project/BICF/s166458/pipeline_devel/SRR1551054_2.fastq.gz
SRR1551053,Whole.Blood,whole_blood,20,Homo sapiens,White,20_Tempus,female,/project/BICF/s166458/pipeline_devel/SRR1551053_1.fastq.gz,/project/BICF/s166458/pipeline_devel/SRR1551053_2.fastq.gz
SRR1551052,Whole.Blood,NK,20,Homo sapiens,White,20_NK,female,/project/BICF/s166458/pipeline_devel/SRR1551052_1.fastq.gz,/project/BICF/s166458/pipeline_devel/SRR1551052_2.fastq.gz
SRR1551051,Whole.Blood,CD8,20,Homo sapiens,White,20_CD8T,female,/project/BICF/s166458/pipeline_devel/SRR1551051_1.fastq.gz,/project/BICF/s166458/pipeline_devel/SRR1551051_2.fastq.gz
SRR1551050,Whole.Blood,CD4,20,Homo sapiens,White,20_CD4T,female,/project/BICF/s166458/pipeline_devel/SRR1551050_1.fastq.gz,/project/BICF/s166458/pipeline_devel/SRR1551050_2.fastq.gz
SRR1551049,Whole.Blood,B-Cells,20,Homo sapiens,White,20_Bcells,female,/project/BICF/s166458/pipeline_devel/SRR1551049_1.fastq.gz,/project/BICF/s166458/pipeline_devel/SRR1551049_2.fastq.gz
SRR1551048,Whole.Blood,monocytes,20,Homo sapiens,White,20_Monocytes,female,/project/BICF/s166458/pipeline_devel/SRR1551048_1.fastq.gz,/project/BICF/s166458/pipeline_devel/SRR1551048_2.fastq.gz
SRR1551047,Whole.Blood,neutrophils,20,Homo sapiens,White,20_Neutrophils,female,/project/BICF/s166458/pipeline_devel/SRR1551047_1.fastq.gz,/project/BICF/s166458/pipeline_devel/SRR1551047_2.fastq.gz
SRR1550991,Whole.Blood,NK,44,Homo sapiens,Hispanic,44_NK,female,/project/BICF/s166458/pipeline_devel/SRR1550991_1.fastq.gz,/project/BICF/s166458/pipeline_devel/SRR1550991_2.fastq.gz
SRR1550990,Whole.Blood,CD8,44,Homo sapiens,Hispanic,44_CD8T,female,/project/BICF/s166458/pipeline_devel/SRR1550990_1.fastq.gz,/project/BICF/s166458/pipeline_devel/SRR1550990_2.fastq.gz
SRR1550989,Whole.Blood,CD4,44,Homo sapiens,Hispanic,44_CD4T,female,/project/BICF/s166458/pipeline_devel/SRR1550989_1.fastq.gz,/project/BICF/s166458/pipeline_devel/SRR1550989_2.fastq.gz
SRR1550988,Whole.Blood,B-Cells,44,Homo sapiens,Hispanic,44_Bcells,female,/project/BICF/s166458/pipeline_devel/SRR1550988_1.fastq.gz,/project/BICF/s166458/pipeline_devel/SRR1550988_2.fastq.gz
SRR1550987,Whole.Blood,monocytes,44,Homo sapiens,Hispanic,44_Monocytes,female,/project/BICF/s166458/pipeline_devel/SRR1550987_1.fastq.gz,/project/BICF/s166458/pipeline_devel/SRR1550987_2.fastq.gz
SRR1550986,Whole.Blood,neutrophils,44,Homo sapiens,Hispanic,44_Neutrophils,female,/project/BICF/s166458/pipeline_devel/SRR1550986_1.fastq.gz,/project/BICF/s166458/pipeline_devel/SRR1550986_2.fastq.gz
SRR1550981,Whole.Blood,whole_blood,44,Homo sapiens,Hispanic,44_Tempus,female,/project/BICF/s166458/pipeline_devel/SRR1550981_1.fastq.gz,/project/BICF/s166458/pipeline_devel/SRR1550981_2.fastq.gz